player,role,form_score_100,is_captain,is_vice_captain,selection_order,match_id,team,opponent,venue,date,rationale
TT Beaumont,BAT,55.2,True,False,1,946547,England,Pakistan,"County Ground, New Road",2016-06-22,Selected as BAT with form score 55.2.
L Winfield,BAT,52.9,False,True,2,946547,England,Pakistan,"County Ground, New Road",2016-06-22,Selected as BAT with form score 52.9.
Sidra Ameen,BAT,52.4,False,False,3,946547,England,Pakistan,"County Ground, New Road",2016-06-22,Selected as BAT with form score 52.4.
Javeria Khan,BAT,50.9,False,False,4,946547,England,Pakistan,"County Ground, New Road",2016-06-22,Selected as BAT with form score 50.9.
HC Knight,AR,51.0,False,False,5,946547,England,Pakistan,"County Ground, New Road",2016-06-22,Selected as AR with form score 51.0.
NR Sciver,AR,49.2,False,False,6,946547,England,Pakistan,"County Ground, New Road",2016-06-22,Selected as AR with form score 49.2.
KH Brunt,BOWL,44.7,False,False,7,946547,England,Pakistan,"County Ground, New Road",2016-06-22,Selected as BOWL with form score 44.7.
A Shrubsole,BOWL,44.3,False,False,8,946547,England,Pakistan,"County Ground, New Road",2016-06-22,Selected as BOWL with form score 44.3.
KL Cross,BOWL,42.2,False,False,9,946547,England,Pakistan,"County Ground, New Road",2016-06-22,Selected as BOWL with form score 42.2.
Sadia Yousuf,BOWL,42.1,False,False,10,946547,England,Pakistan,"County Ground, New Road",2016-06-22,Selected as BOWL with form score 42.1.
Nahida Khan,BAT,50.6,False,False,11,946547,England,Pakistan,"County Ground, New Road",2016-06-22,Selected as BAT with form score 50.6.
TT Beaumont,BAT,57.8,True,False,1,946549,England,Pakistan,County Ground,2016-06-27,Selected as BAT with form score 57.8.
L Winfield,BAT,52.3,False,True,2,946549,England,Pakistan,County Ground,2016-06-27,Selected as BAT with form score 52.3.
Sidra Ameen,BAT,51.5,False,False,3,946549,England,Pakistan,County Ground,2016-06-27,Selected as BAT with form score 51.5.
Sidra Nawaz,BAT,50.7,False,False,4,946549,England,Pakistan,County Ground,2016-06-27,Selected as BAT with form score 50.7.
NR Sciver,AR,48.5,False,False,5,946549,England,Pakistan,County Ground,2016-06-27,Selected as AR with form score 48.5.
Bismah Maroof,AR,46.1,False,False,6,946549,England,Pakistan,County Ground,2016-06-27,Selected as AR with form score 46.1.
HC Knight,BOWL,50.4,False,False,7,946549,England,Pakistan,County Ground,2016-06-27,Selected as BOWL with form score 50.4.
A Shrubsole,BOWL,42.3,False,False,8,946549,England,Pakistan,County Ground,2016-06-27,Selected as BOWL with form score 42.3.
KH Brunt,BOWL,42.3,False,False,9,946549,England,Pakistan,County Ground,2016-06-27,Selected as BOWL with form score 42.3.
Anam Amin,BOWL,41.9,False,False,10,946549,England,Pakistan,County Ground,2016-06-27,Selected as BOWL with form score 41.9.
GA Elwiss,BAT,50.0,False,False,11,946549,England,Pakistan,County Ground,2016-06-27,Selected as BAT with form score 50.0.
T Chetty,BAT,54.8,True,False,1,962017,Ireland,South Africa,The Hills Cricket Club Ground,2016-08-11,Selected as BAT with form score 54.8.
A Steyn,BAT,53.7,False,True,2,962017,Ireland,South Africa,The Hills Cricket Club Ground,2016-08-11,Selected as BAT with form score 53.7.
CMA Shillington,BAT,53.0,False,False,3,962017,Ireland,South Africa,The Hills Cricket Club Ground,2016-08-11,Selected as BAT with form score 53.0.
L Wolvaardt,BAT,52.2,False,False,4,962017,Ireland,South Africa,The Hills Cricket Club Ground,2016-08-11,Selected as BAT with form score 52.2.
GH Lewis,AR,48.9,False,False,5,962017,Ireland,South Africa,The Hills Cricket Club Ground,2016-08-11,Selected as AR with form score 48.9.
IMHC Joyce,AR,48.9,False,False,6,962017,Ireland,South Africa,The Hills Cricket Club Ground,2016-08-11,Selected as AR with form score 48.9.
KJ Garth,BOWL,47.3,False,False,7,962017,Ireland,South Africa,The Hills Cricket Club Ground,2016-08-11,Selected as BOWL with form score 47.3.
CJ Metcalfe,BOWL,46.5,False,False,8,962017,Ireland,South Africa,The Hills Cricket Club Ground,2016-08-11,Selected as BOWL with form score 46.5.
LN McCarthy,BOWL,44.2,False,False,9,962017,Ireland,South Africa,The Hills Cricket Club Ground,2016-08-11,Selected as BOWL with form score 44.2.
Y Fourie,BOWL,43.4,False,False,10,962017,Ireland,South Africa,The Hills Cricket Club Ground,2016-08-11,Selected as BOWL with form score 43.4.
M du Preez,BAT,51.8,False,False,11,962017,Ireland,South Africa,The Hills Cricket Club Ground,2016-08-11,Selected as BAT with form score 51.8.
LD Chandimal,BAT,57.7,True,False,1,995457,Sri Lanka,Australia,R Premadasa Stadium,2016-08-21,Selected as BAT with form score 57.7.
SPD Smith,BAT,56.1,False,True,2,995457,Sri Lanka,Australia,R Premadasa Stadium,2016-08-21,Selected as BAT with form score 56.1.
BKG Mendis,BAT,55.4,False,False,3,995457,Sri Lanka,Australia,R Premadasa Stadium,2016-08-21,Selected as BAT with form score 55.4.
GJ Bailey,BAT,54.5,False,False,4,995457,Sri Lanka,Australia,R Premadasa Stadium,2016-08-21,Selected as BAT with form score 54.5.
TM Dilshan,AR,48.9,False,False,5,995457,Sri Lanka,Australia,R Premadasa Stadium,2016-08-21,Selected as AR with form score 48.9.
TAM Siriwardana,AR,44.8,False,False,6,995457,Sri Lanka,Australia,R Premadasa Stadium,2016-08-21,Selected as AR with form score 44.8.
AD Mathews,BOWL,49.3,False,False,7,995457,Sri Lanka,Australia,R Premadasa Stadium,2016-08-21,Selected as BOWL with form score 49.3.
MA Aponso,BOWL,46.6,False,False,8,995457,Sri Lanka,Australia,R Premadasa Stadium,2016-08-21,Selected as BOWL with form score 46.6.
MDK Perera,BOWL,46.1,False,False,9,995457,Sri Lanka,Australia,R Premadasa Stadium,2016-08-21,Selected as BOWL with form score 46.1.
JP Faulkner,BOWL,45.9,False,False,10,995457,Sri Lanka,Australia,R Premadasa Stadium,2016-08-21,Selected as BOWL with form score 45.9.
MS Wade,BAT,54.1,False,False,11,995457,Sri Lanka,Australia,R Premadasa Stadium,2016-08-21,Selected as BAT with form score 54.1.
LD Chandimal,BAT,57.8,True,False,1,995459,Sri Lanka,Australia,R Premadasa Stadium,2016-08-24,Selected as BAT with form score 57.8.
BKG Mendis,BAT,57.7,False,True,2,995459,Sri Lanka,Australia,R Premadasa Stadium,2016-08-24,Selected as BAT with form score 57.7.
MS Wade,BAT,55.7,False,False,3,995459,Sri Lanka,Australia,R Premadasa Stadium,2016-08-24,Selected as BAT with form score 55.7.
SPD Smith,BAT,55.4,False,False,4,995459,Sri Lanka,Australia,R Premadasa Stadium,2016-08-24,Selected as BAT with form score 55.4.
AD Mathews,AR,48.5,False,False,5,995459,Sri Lanka,Australia,R Premadasa Stadium,2016-08-24,Selected as AR with form score 48.5.
TM Dilshan,AR,48.0,False,False,6,995459,Sri Lanka,Australia,R Premadasa Stadium,2016-08-24,Selected as AR with form score 48.0.
MA Aponso,BOWL,46.8,False,False,7,995459,Sri Lanka,Australia,R Premadasa Stadium,2016-08-24,Selected as BOWL with form score 46.8.
DM de Silva,BOWL,46.3,False,False,8,995459,Sri Lanka,Australia,R Premadasa Stadium,2016-08-24,Selected as BOWL with form score 46.3.
MDK Perera,BOWL,44.5,False,False,9,995459,Sri Lanka,Australia,R Premadasa Stadium,2016-08-24,Selected as BOWL with form score 44.5.
NLTC Perera,BOWL,43.7,False,False,10,995459,Sri Lanka,Australia,R Premadasa Stadium,2016-08-24,Selected as BOWL with form score 43.7.
GJ Bailey,BAT,54.7,False,False,11,995459,Sri Lanka,Australia,R Premadasa Stadium,2016-08-24,Selected as BAT with form score 54.7.
LD Chandimal,BAT,58.5,True,False,1,995461,Sri Lanka,Australia,Rangiri Dambulla International Stadium,2016-08-28,Selected as BAT with form score 58.5.
GJ Bailey,BAT,56.4,False,True,2,995461,Sri Lanka,Australia,Rangiri Dambulla International Stadium,2016-08-28,Selected as BAT with form score 56.4.
BKG Mendis,BAT,55.8,False,False,3,995461,Sri Lanka,Australia,Rangiri Dambulla International Stadium,2016-08-28,Selected as BAT with form score 55.8.
MS Wade,BAT,54.8,False,False,4,995461,Sri Lanka,Australia,Rangiri Dambulla International Stadium,2016-08-28,Selected as BAT with form score 54.8.
TM Dilshan,AR,47.2,False,False,5,995461,Sri Lanka,Australia,Rangiri Dambulla International Stadium,2016-08-28,Selected as AR with form score 47.2.
DM de Silva,AR,46.0,False,False,6,995461,Sri Lanka,Australia,Rangiri Dambulla International Stadium,2016-08-28,Selected as AR with form score 46.0.
AD Mathews,BOWL,47.1,False,False,7,995461,Sri Lanka,Australia,Rangiri Dambulla International Stadium,2016-08-28,Selected as BOWL with form score 47.1.
JW Hastings,BOWL,46.0,False,False,8,995461,Sri Lanka,Australia,Rangiri Dambulla International Stadium,2016-08-28,Selected as BOWL with form score 46.0.
MA Aponso,BOWL,43.1,False,False,9,995461,Sri Lanka,Australia,Rangiri Dambulla International Stadium,2016-08-28,Selected as BOWL with form score 43.1.
S Prasanna,BOWL,42.8,False,False,10,995461,Sri Lanka,Australia,Rangiri Dambulla International Stadium,2016-08-28,Selected as BOWL with form score 42.8.
AJ Finch,BAT,53.9,False,False,11,995461,Sri Lanka,Australia,Rangiri Dambulla International Stadium,2016-08-28,Selected as BAT with form score 53.9.
GJ Bailey,BAT,57.3,True,False,1,995463,Sri Lanka,Australia,Rangiri Dambulla International Stadium,2016-08-31,Selected as BAT with form score 57.3.
LD Chandimal,BAT,56.3,False,True,2,995463,Sri Lanka,Australia,Rangiri Dambulla International Stadium,2016-08-31,Selected as BAT with form score 56.3.
AJ Finch,BAT,55.9,False,False,3,995463,Sri Lanka,Australia,Rangiri Dambulla International Stadium,2016-08-31,Selected as BAT with form score 55.9.
MS Wade,BAT,54.8,False,False,4,995463,Sri Lanka,Australia,Rangiri Dambulla International Stadium,2016-08-31,Selected as BAT with form score 54.8.
SS Pathirana,AR,48.5,False,False,5,995463,Sri Lanka,Australia,Rangiri Dambulla International Stadium,2016-08-31,Selected as AR with form score 48.5.
DM de Silva,AR,45.8,False,False,6,995463,Sri Lanka,Australia,Rangiri Dambulla International Stadium,2016-08-31,Selected as AR with form score 45.8.
JW Hastings,BOWL,44.6,False,False,7,995463,Sri Lanka,Australia,Rangiri Dambulla International Stadium,2016-08-31,Selected as BOWL with form score 44.6.
SM Boland,BOWL,42.6,False,False,8,995463,Sri Lanka,Australia,Rangiri Dambulla International Stadium,2016-08-31,Selected as BOWL with form score 42.6.
MA Starc,BOWL,40.5,False,False,9,995463,Sri Lanka,Australia,Rangiri Dambulla International Stadium,2016-08-31,Selected as BOWL with form score 40.5.
JP Faulkner,BOWL,40.2,False,False,10,995463,Sri Lanka,Australia,Rangiri Dambulla International Stadium,2016-08-31,Selected as BOWL with form score 40.2.
BKG Mendis,BAT,53.8,False,False,11,995463,Sri Lanka,Australia,Rangiri Dambulla International Stadium,2016-08-31,Selected as BAT with form score 53.8.
GJ Bailey,BAT,56.8,True,False,1,995465,Sri Lanka,Australia,Pallekele International Cricket Stadium,2016-09-04,Selected as BAT with form score 56.8.
BKG Mendis,BAT,54.7,False,True,2,995465,Sri Lanka,Australia,Pallekele International Cricket Stadium,2016-09-04,Selected as BAT with form score 54.7.
LD Chandimal,BAT,54.3,False,False,3,995465,Sri Lanka,Australia,Pallekele International Cricket Stadium,2016-09-04,Selected as BAT with form score 54.3.
DA Warner,BAT,53.7,False,False,4,995465,Sri Lanka,Australia,Pallekele International Cricket Stadium,2016-09-04,Selected as BAT with form score 53.7.
SS Pathirana,AR,47.2,False,False,5,995465,Sri Lanka,Australia,Pallekele International Cricket Stadium,2016-09-04,Selected as AR with form score 47.2.
TM Head,AR,47.2,False,False,6,995465,Sri Lanka,Australia,Pallekele International Cricket Stadium,2016-09-04,Selected as AR with form score 47.2.
JW Hastings,BOWL,43.2,False,False,7,995465,Sri Lanka,Australia,Pallekele International Cricket Stadium,2016-09-04,Selected as BOWL with form score 43.2.
RAS Lakmal,BOWL,41.6,False,False,8,995465,Sri Lanka,Australia,Pallekele International Cricket Stadium,2016-09-04,Selected as BOWL with form score 41.6.
SM Boland,BOWL,41.0,False,False,9,995465,Sri Lanka,Australia,Pallekele International Cricket Stadium,2016-09-04,Selected as BOWL with form score 41.0.
MDK Perera,BOWL,40.2,False,False,10,995465,Sri Lanka,Australia,Pallekele International Cricket Stadium,2016-09-04,Selected as BOWL with form score 40.2.
MD Gunathilaka,BAT,52.7,False,False,11,995465,Sri Lanka,Australia,Pallekele International Cricket Stadium,2016-09-04,Selected as BAT with form score 52.7.
PL Mommsen,BAT,57.3,True,False,1,997993,Scotland,Scotland,"Grange Cricket Club Ground, Raeburn Place",2016-08-14,Selected as BAT with form score 57.3.
KJ Coetzer,BAT,55.7,False,True,2,997993,Scotland,Scotland,"Grange Cricket Club Ground, Raeburn Place",2016-08-14,Selected as BAT with form score 55.7.
Muhammad Usman,BAT,54.9,False,False,3,997993,Scotland,Scotland,"Grange Cricket Club Ground, Raeburn Place",2016-08-14,Selected as BAT with form score 54.9.
L Sreekumar,BAT,52.6,False,False,4,997993,Scotland,Scotland,"Grange Cricket Club Ground, Raeburn Place",2016-08-14,Selected as BAT with form score 52.6.
Mohammad Shahzad,AR,47.0,False,False,5,997993,Scotland,Scotland,"Grange Cricket Club Ground, Raeburn Place",2016-08-14,Selected as AR with form score 47.0.
Amjad Javed,AR,45.6,False,False,6,997993,Scotland,Scotland,"Grange Cricket Club Ground, Raeburn Place",2016-08-14,Selected as AR with form score 45.6.
CD de Lange,BOWL,48.0,False,False,7,997993,Scotland,Scotland,"Grange Cricket Club Ground, Raeburn Place",2016-08-14,Selected as BOWL with form score 48.0.
Ahmed Raza,BOWL,47.4,False,False,8,997993,Scotland,Scotland,"Grange Cricket Club Ground, Raeburn Place",2016-08-14,Selected as BOWL with form score 47.4.
JH Davey,BOWL,45.5,False,False,9,997993,Scotland,Scotland,"Grange Cricket Club Ground, Raeburn Place",2016-08-14,Selected as BOWL with form score 45.5.
SM Sharif,BOWL,44.9,False,False,10,997993,Scotland,Scotland,"Grange Cricket Club Ground, Raeburn Place",2016-08-14,Selected as BOWL with form score 44.9.
Shaiman Anwar,BAT,52.2,False,False,11,997993,Scotland,Scotland,"Grange Cricket Club Ground, Raeburn Place",2016-08-14,Selected as BAT with form score 52.2.
PL Mommsen,BAT,58.4,True,False,1,997995,Scotland,United Arab Emirates,"Grange Cricket Club Ground, Raeburn Place",2016-08-16,Selected as BAT with form score 58.4.
Muhammad Usman,BAT,56.1,False,True,2,997995,Scotland,United Arab Emirates,"Grange Cricket Club Ground, Raeburn Place",2016-08-16,Selected as BAT with form score 56.1.
KJ Coetzer,BAT,55.2,False,False,3,997995,Scotland,United Arab Emirates,"Grange Cricket Club Ground, Raeburn Place",2016-08-16,Selected as BAT with form score 55.2.
L Sreekumar,BAT,52.6,False,False,4,997995,Scotland,United Arab Emirates,"Grange Cricket Club Ground, Raeburn Place",2016-08-16,Selected as BAT with form score 52.6.
Mohammad Shahzad,AR,45.6,False,False,5,997995,Scotland,United Arab Emirates,"Grange Cricket Club Ground, Raeburn Place",2016-08-16,Selected as AR with form score 45.6.
Fayyaz Ahmed,AR,44.1,False,False,6,997995,Scotland,United Arab Emirates,"Grange Cricket Club Ground, Raeburn Place",2016-08-16,Selected as AR with form score 44.1.
CD de Lange,BOWL,44.5,False,False,7,997995,Scotland,United Arab Emirates,"Grange Cricket Club Ground, Raeburn Place",2016-08-16,Selected as BOWL with form score 44.5.
Ahmed Raza,BOWL,44.4,False,False,8,997995,Scotland,United Arab Emirates,"Grange Cricket Club Ground, Raeburn Place",2016-08-16,Selected as BOWL with form score 44.4.
Amjad Javed,BOWL,44.0,False,False,9,997995,Scotland,United Arab Emirates,"Grange Cricket Club Ground, Raeburn Place",2016-08-16,Selected as BOWL with form score 44.0.
CB Sole,BOWL,43.8,False,False,10,997995,Scotland,United Arab Emirates,"Grange Cricket Club Ground, Raeburn Place",2016-08-16,Selected as BOWL with form score 43.8.
Shaiman Anwar,BAT,52.4,False,False,11,997995,Scotland,United Arab Emirates,"Grange Cricket Club Ground, Raeburn Place",2016-08-16,Selected as BAT with form score 52.4.
